group	source_path	package_path	extension	size_bytes	source_sha256	package_sha256	note
metadata	result/figure/index/figure_source_index.tsv	00_metadata/source_manifests/figure_source_index.tsv	.tsv	18600	5b1ef02ebac05efbab645d88970d1a3ea7516ad0e8cd5c8b654cc6612d946297	5b1ef02ebac05efbab645d88970d1a3ea7516ad0e8cd5c8b654cc6612d946297	Existing source manifest or validation file.
metadata	result/figure/index/dominant_som_clusters.tsv	00_metadata/source_manifests/dominant_som_clusters.tsv	.tsv	560	92d3d57a273d014e3cf99c8b11d12ca3f653ce68c62cd0e9c1fd8810b275d8a3	92d3d57a273d014e3cf99c8b11d12ca3f653ce68c62cd0e9c1fd8810b275d8a3	Existing source manifest or validation file.
metadata	article/analysis/alloviz/inputs/input_manifest.csv	00_metadata/source_manifests/input_manifest.csv	.csv	1542	ccb481a1562cc15464ef1c87a5aa5a3ce25084faa7780ef8ed43d955f702fdce	ccb481a1562cc15464ef1c87a5aa5a3ce25084faa7780ef8ed43d955f702fdce	Existing source manifest or validation file.
metadata	article/analysis/alloviz/inputs/downsampled/formal/downsample_manifest.csv	00_metadata/source_manifests/downsample_manifest.csv	.csv	1605	9947e39ef7e700cef05f43b02e7129d4695ddc3b4338725660d2b701ca229dc4	9947e39ef7e700cef05f43b02e7129d4695ddc3b4338725660d2b701ca229dc4	Existing source manifest or validation file.
metadata	article/analysis/alloviz/inputs/run_config.json	00_metadata/source_manifests/run_config.json	.json	1405	9cc1e4932b03880b8bd25f84e2e8dba9aee0d9fadd55a2bf458b890127dc51fe	9cc1e4932b03880b8bd25f84e2e8dba9aee0d9fadd55a2bf458b890127dc51fe	Existing source manifest or validation file.
metadata	article/analysis/c5ar_2us_inputs/README.md	00_metadata/source_manifests/README.md	.md	882	e9dca287cdf40c75bd40e8858882888754b5e9e4d2a31a2b6350508bbaa3918d	e9dca287cdf40c75bd40e8858882888754b5e9e4d2a31a2b6350508bbaa3918d	Existing source manifest or validation file.
metadata	article/analysis/c5ar_2us_inputs/trajectory_manifest.tsv	00_metadata/source_manifests/trajectory_manifest.tsv	.tsv	1406	4eb829a866ac6afe85272c3fe5b1ef0344264a438b4196d7ae1c9349dc40e940	4eb829a866ac6afe85272c3fe5b1ef0344264a438b4196d7ae1c9349dc40e940	Existing source manifest or validation file.
metadata	article/analysis/c5ar_2us_inputs/input_validation.tsv	00_metadata/source_manifests/input_validation.tsv	.tsv	1050	be62a7116a2782010999c9a79fa7e431ba08aacec32320922264cd47dc714d7e	be62a7116a2782010999c9a79fa7e431ba08aacec32320922264cd47dc714d7e	Existing source manifest or validation file.
metadata	article/analysis/c5ar_2us_inputs/validate_inputs.py	00_metadata/source_manifests/validate_inputs.py	.py	5700	bce57c546f6d11273782110962d9b2b288a3110e5445902d0d7609361006efe0	bce57c546f6d11273782110962d9b2b288a3110e5445902d0d7609361006efe0	Existing source manifest or validation file.
md_inputs/apo	gpcr/apo/0_minimization.mdin	01_md_simulation_inputs/apo/amber_mdin/0_minimization.mdin	.mdin	1097	9bb35a1393996eaa611145407a5da7f5ddef5ba93ae569d4c58762896d7dde31	9bb35a1393996eaa611145407a5da7f5ddef5ba93ae569d4c58762896d7dde31	Amber MD input parameter file.
md_inputs/apo	gpcr/apo/1_equilibration.mdin	01_md_simulation_inputs/apo/amber_mdin/1_equilibration.mdin	.mdin	1945	7385e6ce4ed0cc1836dd46c6f86caf2d7f971ba050549ae8a0424f1c2ab2de0d	7385e6ce4ed0cc1836dd46c6f86caf2d7f971ba050549ae8a0424f1c2ab2de0d	Amber MD input parameter file.
md_inputs/apo	gpcr/apo/2_equilibration.mdin	01_md_simulation_inputs/apo/amber_mdin/2_equilibration.mdin	.mdin	1862	a5b9de6cb0645e2edba4301ec90fea786900f07a1a96d3f38d2098d2c9bd950d	a5b9de6cb0645e2edba4301ec90fea786900f07a1a96d3f38d2098d2c9bd950d	Amber MD input parameter file.
md_inputs/apo	gpcr/apo/3_equilibration.mdin	01_md_simulation_inputs/apo/amber_mdin/3_equilibration.mdin	.mdin	2438	821df3c6cccf7ab5978152091f861a8291267b224e596df09ac007ed9b92f522	821df3c6cccf7ab5978152091f861a8291267b224e596df09ac007ed9b92f522	Amber MD input parameter file.
md_inputs/apo	gpcr/apo/4_equilibration.mdin	01_md_simulation_inputs/apo/amber_mdin/4_equilibration.mdin	.mdin	2438	e88a44eaec94cb6ad69ecffb2355f0888934716411f68dbb2d438a7bdb7984f1	e88a44eaec94cb6ad69ecffb2355f0888934716411f68dbb2d438a7bdb7984f1	Amber MD input parameter file.
md_inputs/apo	gpcr/apo/5_equilibration.mdin	01_md_simulation_inputs/apo/amber_mdin/5_equilibration.mdin	.mdin	2438	0c8f58f221d902be3a42a4c0fa5cce3aab09afeacc6d32613f3068b66d1d62ad	0c8f58f221d902be3a42a4c0fa5cce3aab09afeacc6d32613f3068b66d1d62ad	Amber MD input parameter file.
md_inputs/apo	gpcr/apo/6_equilibration.mdin	01_md_simulation_inputs/apo/amber_mdin/6_equilibration.mdin	.mdin	2242	29e558fc2585a2542c47a7d6e33268392ea58dd6d988cf3bcd8a4ca4be47c142	29e558fc2585a2542c47a7d6e33268392ea58dd6d988cf3bcd8a4ca4be47c142	Amber MD input parameter file.
md_inputs/apo	gpcr/apo/7_production.mdin	01_md_simulation_inputs/apo/amber_mdin/7_production.mdin	.mdin	2074	716560ba1de2665733795c8f3b9f0625938ab5895c95bb7431b46dafe6c572ab	716560ba1de2665733795c8f3b9f0625938ab5895c95bb7431b46dafe6c572ab	Amber MD input parameter file.
md_inputs/apo	gpcr/apo/3090.sh	01_md_simulation_inputs/apo/run_scripts/3090.sh	.sh	774	bd2df944f0c667564ee3bf3143fb7f1a0bb68df44e1c31d03752d935d8e9b357	bd2df944f0c667564ee3bf3143fb7f1a0bb68df44e1c31d03752d935d8e9b357	Run or analysis helper script.
md_inputs/apo	gpcr/apo/rest.sh	01_md_simulation_inputs/apo/run_scripts/rest.sh	.sh	175	6c143833b39dc944285af6e1eeceb8c952dcb8b02b2894d22b3cc1285ea67dd1	6c143833b39dc944285af6e1eeceb8c952dcb8b02b2894d22b3cc1285ea67dd1	Run or analysis helper script.
md_inputs/apo	gpcr/apo/second/3090.sh	01_md_simulation_inputs/apo/run_scripts/second/3090.sh	.sh	813	2dc81aea24ddf1966ea867475771e44e83133c1c2417361a01d1df15cf1cbdf9	2dc81aea24ddf1966ea867475771e44e83133c1c2417361a01d1df15cf1cbdf9	Run or analysis helper script.
md_inputs/apo	gpcr/apo/second/apo_second_2.sh	01_md_simulation_inputs/apo/run_scripts/second/apo_second_2.sh	.sh	807	cc2bcac9e95b6f8637365edb96a3ec3ff69a2bd457c9af8d411d0bbb183f532b	cc2bcac9e95b6f8637365edb96a3ec3ff69a2bd457c9af8d411d0bbb183f532b	Run or analysis helper script.
md_inputs/apo	gpcr/apo/second/apo_second_3.sh	01_md_simulation_inputs/apo/run_scripts/second/apo_second_3.sh	.sh	811	b85915d13e9fa6eaa11bacab7affad6be45d786f83251bbdd6c63b577e107a63	b85915d13e9fa6eaa11bacab7affad6be45d786f83251bbdd6c63b577e107a63	Run or analysis helper script.
md_inputs/apo	gpcr/apo/second/apo_second_4.sh	01_md_simulation_inputs/apo/run_scripts/second/apo_second_4.sh	.sh	811	5db52c7e7b9bf36ddf72028060dd202925ce52c461d90d930c152ae1ee6fe7e1	5db52c7e7b9bf36ddf72028060dd202925ce52c461d90d930c152ae1ee6fe7e1	Run or analysis helper script.
md_inputs/apo	gpcr/apo/third/3090.sh	01_md_simulation_inputs/apo/run_scripts/third/3090.sh	.sh	817	f4462e4007fbc4fd556b9b8bc4f8eebcc7110ef2e5403e52e8a7f550a6508be3	f4462e4007fbc4fd556b9b8bc4f8eebcc7110ef2e5403e52e8a7f550a6508be3	Run or analysis helper script.
md_inputs/apo	gpcr/apo/third/apo_third_2.sh	01_md_simulation_inputs/apo/run_scripts/third/apo_third_2.sh	.sh	817	5271ad7db69bdd0117aa52593d0d703ab799e44b6168e55d44089ef8c402dc1d	5271ad7db69bdd0117aa52593d0d703ab799e44b6168e55d44089ef8c402dc1d	Run or analysis helper script.
md_inputs/apo	gpcr/apo/third/apo_third_3.sh	01_md_simulation_inputs/apo/run_scripts/third/apo_third_3.sh	.sh	817	bd9a167acfe25af70c7992919c55af56eb48f7d1a92407fb660dcb2e8c1cab30	bd9a167acfe25af70c7992919c55af56eb48f7d1a92407fb660dcb2e8c1cab30	Run or analysis helper script.
md_inputs/apo	gpcr/apo/third/apo_third_4.sh	01_md_simulation_inputs/apo/run_scripts/third/apo_third_4.sh	.sh	817	20c754287e164f8bba76f1472a1592e9dda988d3c4f9ec10061f9e7be6c51bfb	20c754287e164f8bba76f1472a1592e9dda988d3c4f9ec10061f9e7be6c51bfb	Run or analysis helper script.
md_inputs/apo	gpcr/apo/cpptraj.in	01_md_simulation_inputs/apo/analysis_inputs/cpptraj.in	.in	2514	e59f9f6ae46e2bc907a6715f083309b779f0ade6ec354127d51cc2ba932a343f	de9371745d9e840b35e1626af4f6bc09d9663d444fa30814bace2e5f2965bad7	Analysis input file, mostly cpptraj/distance/BSA/DSSP control files. CJK characters removed from package copy.
md_inputs/apo	gpcr/apo/dssp.in	01_md_simulation_inputs/apo/analysis_inputs/dssp.in	.in	204	1f5a0c19f1fc038dc52242de358405ed4a0175290f324f46b8cf64381076ce82	28c7d2006efb08f1c7e45da5dae4b3d231bf032619fdf01b9cb5f502bfba3a30	Analysis input file, mostly cpptraj/distance/BSA/DSSP control files. CJK characters removed from package copy.
md_inputs/apo	gpcr/apo/hbond/cpptraj.in	01_md_simulation_inputs/apo/analysis_inputs/hbond/cpptraj.in	.in	1472	410b95ac476a267d7f9e31e696000ed8647027582622d9d553b22317f23a6d3c	8b6f73b49f6216ed990a4bcc46ece1782d11101dfb8d3ce9d861c70346057505	Analysis input file, mostly cpptraj/distance/BSA/DSSP control files. CJK characters removed from package copy.
md_inputs/apo	gpcr/apo/popc/cpptraj.in	01_md_simulation_inputs/apo/analysis_inputs/popc/cpptraj.in	.in	371	3757da8a25e8492aa4633f0f523dfa5c0a4b198fae5a0d32d5efef30cb0f9383	2cf50aee7de48fa92140bb3a00fd5e7fd94e95a44747428c0c0e293b6b7bf078	Analysis input file, mostly cpptraj/distance/BSA/DSSP control files. CJK characters removed from package copy.
md_inputs/apo	gpcr/apo/second/cluster/cluster.in	01_md_simulation_inputs/apo/analysis_inputs/second/cluster/cluster.in	.in	348	591a2d811d22cdf9837e5a34790b61e9441842d6ae2ba5c84dde14f012a211df	40e473c3e00eeb85a86c4e5c0fee173214d6db4fa2f80565c47ec0971ba3b21b	Analysis input file, mostly cpptraj/distance/BSA/DSSP control files. CJK characters removed from package copy.
md_inputs/apo	gpcr/apo/second/cluster/cpptraj.in	01_md_simulation_inputs/apo/analysis_inputs/second/cluster/cpptraj.in	.in	1852	accf86e122f73ebecdda02fbaec01131ce9654a04721ebc8d46773992ba4c50e	685b9c299447fc4cb8c38b1ac2a79874d7044485bef1a03eec539749e769c0d9	Analysis input file, mostly cpptraj/distance/BSA/DSSP control files. CJK characters removed from package copy.
md_inputs/apo	gpcr/apo/second/cpptraj.in	01_md_simulation_inputs/apo/analysis_inputs/second/cpptraj.in	.in	2473	9a6ec72897116b0f9db67ed1625dee5831160c13a487430c8dc5f551981714b5	2fad7db4fe30fa9cdc1ab1d1fd222c93da84e947e27f6b12c44f454e42db2979	Analysis input file, mostly cpptraj/distance/BSA/DSSP control files. CJK characters removed from package copy.
md_inputs/apo	gpcr/apo/second/dssp.in	01_md_simulation_inputs/apo/analysis_inputs/second/dssp.in	.in	206	9deca9526fe11084df3ab3269ea7672f9b70eb8ebbb7bc9183d7a6aa8ece6cab	53445f3a18f1e85408a792c3e4f89bb1765e807f721ac12c951293de9a131a15	Analysis input file, mostly cpptraj/distance/BSA/DSSP control files. CJK characters removed from package copy.
md_inputs/apo	gpcr/apo/second/popc/cpptraj.in	01_md_simulation_inputs/apo/analysis_inputs/second/popc/cpptraj.in	.in	683	1eb86a0d6634f82945441919870a1b2b80814f2ccb5346d34456d8e93c792790	ff2e0daf838b80b8691fea52591f06a1b3263fa2e864a92379cfbaf09220d42f	Analysis input file, mostly cpptraj/distance/BSA/DSSP control files. CJK characters removed from package copy.
md_inputs/apo	gpcr/apo/third/cpptraj.in	01_md_simulation_inputs/apo/analysis_inputs/third/cpptraj.in	.in	2606	3f01e182d90b81564f9cf3558a17a5761b575dde47a9751b3e35dc2a41517272	a7225a532c0c3c72692c3a76ed7bed6ea5b64015477fea3b86e7eae3fedad61c	Analysis input file, mostly cpptraj/distance/BSA/DSSP control files. CJK characters removed from package copy.
md_inputs/apo	gpcr/apo/third/dssp.in	01_md_simulation_inputs/apo/analysis_inputs/third/dssp.in	.in	205	c3a174986a88532c8bc5fdf136c4edca819a6b92d860281a157b5c3d00efaa4f	3bdd0931d3c2a3b427b2d93dbd0398bf41ac068bd4b9472ac52c1de24be31b90	Analysis input file, mostly cpptraj/distance/BSA/DSSP control files. CJK characters removed from package copy.
md_inputs/apo	gpcr/apo/step5_input.pdb	01_md_simulation_inputs/apo/system_files/step5_input.pdb	.pdb	7452560	c5f6073f79cd915b7314e0e6b76e0fba703f8df1a4328f331747be195da845e0	c5f6073f79cd915b7314e0e6b76e0fba703f8df1a4328f331747be195da845e0	System topology/coordinate/provenance file.
md_inputs/apo	gpcr/apo/step5_input.psf	01_md_simulation_inputs/apo/system_files/step5_input.psf	.psf	17371679	9d1e05e92f43ba0cf46cc286ba70219860c7f9c803e444b794e6ee0cfe55a646	9d1e05e92f43ba0cf46cc286ba70219860c7f9c803e444b794e6ee0cfe55a646	System topology/coordinate/provenance file.
md_inputs/apo	gpcr/apo/input.parm7	01_md_simulation_inputs/apo/system_files/input.parm7	.parm7	22065655	133b0e79434aea736e1468a39ea36d4356c801b37b4368b29d5b09d94edbdaf3	133b0e79434aea736e1468a39ea36d4356c801b37b4368b29d5b09d94edbdaf3	System topology/coordinate/provenance file.
md_inputs/apo	gpcr/apo/input.rst7	01_md_simulation_inputs/apo/system_files/input.rst7	.rst7	3443343	43b4ed5c1dbeb85be5f1660308ab0cbe72a0fbff8f1f5c89417954fe8122e215	43b4ed5c1dbeb85be5f1660308ab0cbe72a0fbff8f1f5c89417954fe8122e215	System topology/coordinate/provenance file.
md_inputs/apo	gpcr/apo/sysinfo.dat	01_md_simulation_inputs/apo/system_files/sysinfo.dat	.dat	64	e0e5ce48872cd1c527628910382e5bf15854e3685009da9baa59c9687a9796e3	e0e5ce48872cd1c527628910382e5bf15854e3685009da9baa59c9687a9796e3	System topology/coordinate/provenance file.
md_inputs/apo	gpcr/apo/md-initial.pdb	01_md_simulation_inputs/apo/system_files/md-initial.pdb	.pdb	385990	922709b38e7a919beeef92309e2b5c043723510493621011c9688b010822211e	922709b38e7a919beeef92309e2b5c043723510493621011c9688b010822211e	System topology/coordinate/provenance file.
md_inputs/apo	gpcr/apo/step6.0.rest	01_md_simulation_inputs/apo/restraints/step6.0.rest	.rest	48288	ef037632eeb6077e5fdbb32c379de62339c99cbe5a589a8d8205bbd4247f8cc3	ef037632eeb6077e5fdbb32c379de62339c99cbe5a589a8d8205bbd4247f8cc3	CHARMM-GUI restraint file retained as setup provenance.
md_inputs/apo	gpcr/apo/step6.1.rest	01_md_simulation_inputs/apo/restraints/step6.1.rest	.rest	47488	f837d1a9e973854166265aa85d04bee51ea87f31e4b647519aae2ab0725f8752	f837d1a9e973854166265aa85d04bee51ea87f31e4b647519aae2ab0725f8752	CHARMM-GUI restraint file retained as setup provenance.
md_inputs/apo	gpcr/apo/step6.2.rest	01_md_simulation_inputs/apo/restraints/step6.2.rest	.rest	47488	f837d1a9e973854166265aa85d04bee51ea87f31e4b647519aae2ab0725f8752	f837d1a9e973854166265aa85d04bee51ea87f31e4b647519aae2ab0725f8752	CHARMM-GUI restraint file retained as setup provenance.
md_inputs/apo	gpcr/apo/step6.3.rest	01_md_simulation_inputs/apo/restraints/step6.3.rest	.rest	47488	741b4d5d0f8b5da3950d861c06e291debb652d6760879f0c42c15cbb39294267	741b4d5d0f8b5da3950d861c06e291debb652d6760879f0c42c15cbb39294267	CHARMM-GUI restraint file retained as setup provenance.
md_inputs/apo	gpcr/apo/step6.4.rest	01_md_simulation_inputs/apo/restraints/step6.4.rest	.rest	47488	ea38108cc83845c6d4de7337788b461a75247598fb7a3c7baebe09b2e5969ed3	ea38108cc83845c6d4de7337788b461a75247598fb7a3c7baebe09b2e5969ed3	CHARMM-GUI restraint file retained as setup provenance.
md_inputs/apo	gpcr/apo/step6.5.rest	01_md_simulation_inputs/apo/restraints/step6.5.rest	.rest	46688	b1fa9b6a18e855732f4643a2f41e0355842958a8e6e5dcbe29b569cde88d6253	b1fa9b6a18e855732f4643a2f41e0355842958a8e6e5dcbe29b569cde88d6253	CHARMM-GUI restraint file retained as setup provenance.
md_inputs/BM213	gpcr/bm213/0_minimization.mdin	01_md_simulation_inputs/BM213/amber_mdin/0_minimization.mdin	.mdin	1105	40d8e422408ff814439626ffa180db5997d9eb2ea01f562fc4e1eb31cc3ddf70	40d8e422408ff814439626ffa180db5997d9eb2ea01f562fc4e1eb31cc3ddf70	Amber MD input parameter file.
md_inputs/BM213	gpcr/bm213/1_equilibration.mdin	01_md_simulation_inputs/BM213/amber_mdin/1_equilibration.mdin	.mdin	1953	b579ff3b962fa30499d86e0b09b7d84c32977627cbd39bee2143e3f5f5890179	b579ff3b962fa30499d86e0b09b7d84c32977627cbd39bee2143e3f5f5890179	Amber MD input parameter file.
md_inputs/BM213	gpcr/bm213/2_equilibration.mdin	01_md_simulation_inputs/BM213/amber_mdin/2_equilibration.mdin	.mdin	1870	565ab51ea1359a08f279f77e070a8e192176599fcc97b28d32e417c95c551cb8	565ab51ea1359a08f279f77e070a8e192176599fcc97b28d32e417c95c551cb8	Amber MD input parameter file.
md_inputs/BM213	gpcr/bm213/3_equilibration.mdin	01_md_simulation_inputs/BM213/amber_mdin/3_equilibration.mdin	.mdin	2446	b6994186e6245e894a5a71fadea8fd7ecfe44907435ca7006922e471bda4acd7	b6994186e6245e894a5a71fadea8fd7ecfe44907435ca7006922e471bda4acd7	Amber MD input parameter file.
md_inputs/BM213	gpcr/bm213/4_equilibration.mdin	01_md_simulation_inputs/BM213/amber_mdin/4_equilibration.mdin	.mdin	2446	35f774b683bd5599899a22f2fb5f848a8ab5e2e2ab369bd172c0da239d2589ff	35f774b683bd5599899a22f2fb5f848a8ab5e2e2ab369bd172c0da239d2589ff	Amber MD input parameter file.
md_inputs/BM213	gpcr/bm213/5_equilibration.mdin	01_md_simulation_inputs/BM213/amber_mdin/5_equilibration.mdin	.mdin	2446	150b4a0d2b75201e3f8fb6f0799af48cf319405f0bff5ce399b19c8a5dca1f8c	150b4a0d2b75201e3f8fb6f0799af48cf319405f0bff5ce399b19c8a5dca1f8c	Amber MD input parameter file.
md_inputs/BM213	gpcr/bm213/6_equilibration.mdin	01_md_simulation_inputs/BM213/amber_mdin/6_equilibration.mdin	.mdin	2250	911208e6ee172c9c20759a21858f92bddb481c880764207c6d34411016ee5ee1	911208e6ee172c9c20759a21858f92bddb481c880764207c6d34411016ee5ee1	Amber MD input parameter file.
md_inputs/BM213	gpcr/bm213/7_production.mdin	01_md_simulation_inputs/BM213/amber_mdin/7_production.mdin	.mdin	2076	338ebb60390045b193b408c837c25116dbf5004535cecd8428a2ea3530238fd2	338ebb60390045b193b408c837c25116dbf5004535cecd8428a2ea3530238fd2	Amber MD input parameter file.
md_inputs/BM213	gpcr/bm213/3090.sh	01_md_simulation_inputs/BM213/run_scripts/3090.sh	.sh	771	9f57f3acd7bd4e01d460e5713f4c3eec48635d570824689e3dc2780241915fa2	9f57f3acd7bd4e01d460e5713f4c3eec48635d570824689e3dc2780241915fa2	Run or analysis helper script.
md_inputs/BM213	gpcr/bm213/correlation.sh	01_md_simulation_inputs/BM213/run_scripts/correlation.sh	.sh	649	69661c2af3a7bff379639090719db5e214f9c3ecdbe48ceabc857d9ebf451207	2951f586a82293b4a4ecf5dbddffff11de32875ff571ebdf1b4ddb4761baaeb3	Run or analysis helper script. CJK characters removed from package copy.
md_inputs/BM213	gpcr/bm213/dssp.sh	01_md_simulation_inputs/BM213/run_scripts/dssp.sh	.sh	450	c2c4c172d5019a95cbfe003c602f7dfb85a4cb7a2d48509fe85f6d2fc6fecf44	c2c4c172d5019a95cbfe003c602f7dfb85a4cb7a2d48509fe85f6d2fc6fecf44	Run or analysis helper script.
md_inputs/BM213	gpcr/bm213/rest.sh	01_md_simulation_inputs/BM213/run_scripts/rest.sh	.sh	175	6c143833b39dc944285af6e1eeceb8c952dcb8b02b2894d22b3cc1285ea67dd1	6c143833b39dc944285af6e1eeceb8c952dcb8b02b2894d22b3cc1285ea67dd1	Run or analysis helper script.
md_inputs/BM213	gpcr/bm213/second/3090.sh	01_md_simulation_inputs/BM213/run_scripts/second/3090.sh	.sh	801	b57c524cb87debe3d688b951dbb52d2e5becdb5eae7c70de74f4406783cbc0d9	b57c524cb87debe3d688b951dbb52d2e5becdb5eae7c70de74f4406783cbc0d9	Run or analysis helper script.
md_inputs/BM213	gpcr/bm213/second/second_2.sh	01_md_simulation_inputs/BM213/run_scripts/second/second_2.sh	.sh	789	268010d18b50d47f38795e0628d23f277da8bbf7c646df4f53085c2b9b141c58	268010d18b50d47f38795e0628d23f277da8bbf7c646df4f53085c2b9b141c58	Run or analysis helper script.
md_inputs/BM213	gpcr/bm213/second/second_3.sh	01_md_simulation_inputs/BM213/run_scripts/second/second_3.sh	.sh	789	dc3a06484fe702c841733df90c762618825092e00d74e77d75519d4e53b81d1a	dc3a06484fe702c841733df90c762618825092e00d74e77d75519d4e53b81d1a	Run or analysis helper script.
md_inputs/BM213	gpcr/bm213/second/second_4.sh	01_md_simulation_inputs/BM213/run_scripts/second/second_4.sh	.sh	789	fc91016f53b4ffc1ac5bcfa548ee9a9fe81d336c84a8ef9545df3cab76810298	fc91016f53b4ffc1ac5bcfa548ee9a9fe81d336c84a8ef9545df3cab76810298	Run or analysis helper script.
md_inputs/BM213	gpcr/bm213/third/3090.sh	01_md_simulation_inputs/BM213/run_scripts/third/3090.sh	.sh	818	613f889e4e041e9811c57e82c5993de480cb1843f6d5a1b5cd266c5d5a9e6934	613f889e4e041e9811c57e82c5993de480cb1843f6d5a1b5cd266c5d5a9e6934	Run or analysis helper script.
md_inputs/BM213	gpcr/bm213/third/third_2.sh	01_md_simulation_inputs/BM213/run_scripts/third/third_2.sh	.sh	818	1dcea6809bbfd5ae7405460c06624394c09759d9c6ea3795e53a0dadbd186e9b	1dcea6809bbfd5ae7405460c06624394c09759d9c6ea3795e53a0dadbd186e9b	Run or analysis helper script.
md_inputs/BM213	gpcr/bm213/third/third_3.sh	01_md_simulation_inputs/BM213/run_scripts/third/third_3.sh	.sh	818	e23ff7c259e717d0b356dc226333eb063c6fe43a498953057cb51872678185ad	e23ff7c259e717d0b356dc226333eb063c6fe43a498953057cb51872678185ad	Run or analysis helper script.
md_inputs/BM213	gpcr/bm213/waternet/run_pocket_BM.sh	01_md_simulation_inputs/BM213/run_scripts/waternet/run_pocket_BM.sh	.sh	759	ccaeb16dafbdd7d187dd6da95037e729a5fc9a91f8844ac1b1e1a2636e3b54ff	c49649969367cedc377b7bd2f1310c17934c061162690b876af242ee55946e02	Run or analysis helper script. CJK characters removed from package copy.
md_inputs/BM213	gpcr/bm213/waternet/run_waternet.sh	01_md_simulation_inputs/BM213/run_scripts/waternet/run_waternet.sh	.sh	810	de638c3feada0e2bbb0e53ddf0a9361f4d7e610febb45ca17007bf68e237a629	8e96592080039ede535c9a5d8e71836cd66933e0215b42833b29eda7675de36d	Run or analysis helper script. CJK characters removed from package copy.
md_inputs/BM213	gpcr/bm213/BSA_IWI/bsa.in	01_md_simulation_inputs/BM213/analysis_inputs/BSA_IWI/bsa.in	.in	554	d2f52c2acc84e8faf261d1de0c8bf38e87867331e8847a38b3182ac782c7d45b	7b834413c71a140d9d9af540d622584f5e810c2c18cdfdbd9575362b1a124e9f	Analysis input file, mostly cpptraj/distance/BSA/DSSP control files. CJK characters removed from package copy.
md_inputs/BM213	gpcr/bm213/TM7hb/distance.in	01_md_simulation_inputs/BM213/analysis_inputs/TM7hb/distance.in	.in	633	2b4b54aa148dcd04ec68ea0e499b0bf103c8d842e0410423a6085fe7c5025ab1	6ec8bc55f4370ce4efa25fbd2bc1ad9323a275063ded44eb2f8f77f604c18cf3	Analysis input file, mostly cpptraj/distance/BSA/DSSP control files. CJK characters removed from package copy.
md_inputs/BM213	gpcr/bm213/cpptraj.in	01_md_simulation_inputs/BM213/analysis_inputs/cpptraj.in	.in	3984	cc71321cd127d16b4b7df74dfddc8d7ddff4b38f99942866932f408f94dc2d83	6752c677355a734e99888e21d3aef0f6573ea491840f82769fc623a20abe7bb2	Analysis input file, mostly cpptraj/distance/BSA/DSSP control files. CJK characters removed from package copy.
md_inputs/BM213	gpcr/bm213/cpptraj2.in	01_md_simulation_inputs/BM213/analysis_inputs/cpptraj2.in	.in	158	efa8e4aa9e65cdf96dc215a7d877d65b543e5f6ada637a29a33d9e8b9ecb473b	061652411d83a477354ed7b7412c56cb23eac70b6736f2cd4c6257a4d5718fac	Analysis input file, mostly cpptraj/distance/BSA/DSSP control files. CJK characters removed from package copy.
md_inputs/BM213	gpcr/bm213/dssp.in	01_md_simulation_inputs/BM213/analysis_inputs/dssp.in	.in	203	8f41598ac92574f47acbc7fb98cb88fa2f96b09343f022ea70cafa3bb56b3f13	bf85a2637f576e8ad3dd88fbcfe951c96b2aae0552d1f67f92b2cb4550643927	Analysis input file, mostly cpptraj/distance/BSA/DSSP control files. CJK characters removed from package copy.
md_inputs/BM213	gpcr/bm213/second/TM7hb/distance.in	01_md_simulation_inputs/BM213/analysis_inputs/second/TM7hb/distance.in	.in	639	cdbcaffa0e8db22b1b66bb572c42502ae5db99dd07bf9cbea258c890e354516b	59592caa02dfd92967c6a6d4ec7616e0d10d16efd3d2085a8d8b752b095b0ce3	Analysis input file, mostly cpptraj/distance/BSA/DSSP control files. CJK characters removed from package copy.
md_inputs/BM213	gpcr/bm213/second/cpptraj.in	01_md_simulation_inputs/BM213/analysis_inputs/second/cpptraj.in	.in	4538	e7a9d9033925b94c8ab603235c19ee4d9a1bb953d04cf2860ec86ccbaa2ec67e	71a8a590f9f4e316d20ccc820b6d0ca36408c54b74e0c42127fc4ecafccf74e7	Analysis input file, mostly cpptraj/distance/BSA/DSSP control files. CJK characters removed from package copy.
md_inputs/BM213	gpcr/bm213/third/TM7hb/distance.in	01_md_simulation_inputs/BM213/analysis_inputs/third/TM7hb/distance.in	.in	663	df6b9fa6b3b9f11aa761bec9c647e4dee18ba378efe2d0b17ae182fef76f8e3e	6f4204a45e5ea7057f6e1a261222dadd662aa52c2cdfcca99520ed1ae313d9f2	Analysis input file, mostly cpptraj/distance/BSA/DSSP control files. CJK characters removed from package copy.
md_inputs/BM213	gpcr/bm213/third/cpptraj.in	01_md_simulation_inputs/BM213/analysis_inputs/third/cpptraj.in	.in	4899	9890b569c39b93455b28996711aa62e72a624d2fa0a3d91960b517854f2faced	225b8fa1f7908d99e4299fc61d942d9fa7d15a8348d63986b8b3e8cc0b7e05c1	Analysis input file, mostly cpptraj/distance/BSA/DSSP control files. CJK characters removed from package copy.
md_inputs/BM213	gpcr/bm213/third/distance.in	01_md_simulation_inputs/BM213/analysis_inputs/third/distance.in	.in	633	2b4b54aa148dcd04ec68ea0e499b0bf103c8d842e0410423a6085fe7c5025ab1	6ec8bc55f4370ce4efa25fbd2bc1ad9323a275063ded44eb2f8f77f604c18cf3	Analysis input file, mostly cpptraj/distance/BSA/DSSP control files. CJK characters removed from package copy.
md_inputs/BM213	gpcr/bm213/third/dssp.in	01_md_simulation_inputs/BM213/analysis_inputs/third/dssp.in	.in	248	797230cc385907fa178e5ad492b829d92cd2686e56225655c0c4a393f2d7b181	6c9e0e270677c38abbbf876e067a3f895308ae4801de92890a7190259c08b209	Analysis input file, mostly cpptraj/distance/BSA/DSSP control files. CJK characters removed from package copy.
md_inputs/BM213	gpcr/bm213/step5_input.pdb	01_md_simulation_inputs/BM213/system_files/step5_input.pdb	.pdb	7196762	041d710567100427d908fe4e324791434daf78dadd802b6bbbed35dca051dcea	041d710567100427d908fe4e324791434daf78dadd802b6bbbed35dca051dcea	System topology/coordinate/provenance file.
md_inputs/BM213	gpcr/bm213/step5_input.psf	01_md_simulation_inputs/BM213/system_files/step5_input.psf	.psf	16937365	7a803ddd8f10fb0732f7b066bc6cf57cdb92a1ec5757d4d182469df0e33fe335	7a803ddd8f10fb0732f7b066bc6cf57cdb92a1ec5757d4d182469df0e33fe335	System topology/coordinate/provenance file.
md_inputs/BM213	gpcr/bm213/input.parm7	01_md_simulation_inputs/BM213/system_files/input.parm7	.parm7	21580183	44cfa4dd93b02f564f2e2c09d1958da3d2d95409dc672a163817ffd2edf86b4e	44cfa4dd93b02f564f2e2c09d1958da3d2d95409dc672a163817ffd2edf86b4e	System topology/coordinate/provenance file.
md_inputs/BM213	gpcr/bm213/input.rst7	01_md_simulation_inputs/BM213/system_files/input.rst7	.rst7	3325156	acec2a9fe343bf900597922551fde51238dfa5f713f9b27195c1f6606712e979	acec2a9fe343bf900597922551fde51238dfa5f713f9b27195c1f6606712e979	System topology/coordinate/provenance file.
md_inputs/BM213	gpcr/bm213/sysinfo.dat	01_md_simulation_inputs/BM213/system_files/sysinfo.dat	.dat	76	2cdca39042b5d9b7d89d946fa3a06accc0614e31109ee1c246093c5a49d1a437	2cdca39042b5d9b7d89d946fa3a06accc0614e31109ee1c246093c5a49d1a437	System topology/coordinate/provenance file.
md_inputs/BM213	gpcr/bm213/md-initial.pdb	01_md_simulation_inputs/BM213/system_files/md-initial.pdb	.pdb	382211	d66f4effef254d5511176c07dd91ca6d33d472e09061753593637cea15963ba5	d66f4effef254d5511176c07dd91ca6d33d472e09061753593637cea15963ba5	System topology/coordinate/provenance file.
md_inputs/BM213	gpcr/bm213/md-initial_WAT.pdb	01_md_simulation_inputs/BM213/system_files/md-initial_WAT.pdb	.pdb	5753431	29e2b87ba75785e3dcb2966b8c302192ac76832bef55ffd6a4ba8fd0c008a717	29e2b87ba75785e3dcb2966b8c302192ac76832bef55ffd6a4ba8fd0c008a717	System topology/coordinate/provenance file.
md_inputs/BM213	gpcr/bm213/step6.0.rest	01_md_simulation_inputs/BM213/restraints/step6.0.rest	.rest	48284	db2d3a21b8ba5520090fdb500d599eb3b0f2c90d0b06a94af428ad62c4d74339	db2d3a21b8ba5520090fdb500d599eb3b0f2c90d0b06a94af428ad62c4d74339	CHARMM-GUI restraint file retained as setup provenance.
md_inputs/BM213	gpcr/bm213/step6.1.rest	01_md_simulation_inputs/BM213/restraints/step6.1.rest	.rest	47484	14e1d1a50629eab4a27b05299ffda02a3701f308c33f7d3cd0c5c72026a9ca67	14e1d1a50629eab4a27b05299ffda02a3701f308c33f7d3cd0c5c72026a9ca67	CHARMM-GUI restraint file retained as setup provenance.
md_inputs/BM213	gpcr/bm213/step6.2.rest	01_md_simulation_inputs/BM213/restraints/step6.2.rest	.rest	47484	14e1d1a50629eab4a27b05299ffda02a3701f308c33f7d3cd0c5c72026a9ca67	14e1d1a50629eab4a27b05299ffda02a3701f308c33f7d3cd0c5c72026a9ca67	CHARMM-GUI restraint file retained as setup provenance.
md_inputs/BM213	gpcr/bm213/step6.3.rest	01_md_simulation_inputs/BM213/restraints/step6.3.rest	.rest	47484	3f66f870e9335bef1705be9c8fd86ff7340bade9a51385d941243df95bfcd39f	3f66f870e9335bef1705be9c8fd86ff7340bade9a51385d941243df95bfcd39f	CHARMM-GUI restraint file retained as setup provenance.
md_inputs/BM213	gpcr/bm213/step6.4.rest	01_md_simulation_inputs/BM213/restraints/step6.4.rest	.rest	47484	ee2c4941a3780dd56791045af46e7ebd28e325ec05cf3f8c7131e2231ed81c6f	ee2c4941a3780dd56791045af46e7ebd28e325ec05cf3f8c7131e2231ed81c6f	CHARMM-GUI restraint file retained as setup provenance.
md_inputs/BM213	gpcr/bm213/step6.5.rest	01_md_simulation_inputs/BM213/restraints/step6.5.rest	.rest	46684	db1312a100b9a28ad926b58a75f7836fa5968cb8b783bc7c60a5f86fa331ce48	db1312a100b9a28ad926b58a75f7836fa5968cb8b783bc7c60a5f86fa331ce48	CHARMM-GUI restraint file retained as setup provenance.
md_inputs/C5apep	gpcr/c5apep/0_minimization.mdin	01_md_simulation_inputs/C5apep/amber_mdin/0_minimization.mdin	.mdin	1105	1fc406d387516e407aa619f5ee4b8ab9a3d9ca0f846804215451aed3e7b933b4	1fc406d387516e407aa619f5ee4b8ab9a3d9ca0f846804215451aed3e7b933b4	Amber MD input parameter file.
md_inputs/C5apep	gpcr/c5apep/1_equilibration.mdin	01_md_simulation_inputs/C5apep/amber_mdin/1_equilibration.mdin	.mdin	1953	5d432d3aa7799235de86fb36df84f5637b0fed8b74aea385b5711789f89f18ad	5d432d3aa7799235de86fb36df84f5637b0fed8b74aea385b5711789f89f18ad	Amber MD input parameter file.
md_inputs/C5apep	gpcr/c5apep/2_equilibration.mdin	01_md_simulation_inputs/C5apep/amber_mdin/2_equilibration.mdin	.mdin	1870	2eca715e893da8458d33a09c526c3e1cd92871b9b9b8d97ab9630f2a4b01fb43	2eca715e893da8458d33a09c526c3e1cd92871b9b9b8d97ab9630f2a4b01fb43	Amber MD input parameter file.
md_inputs/C5apep	gpcr/c5apep/3_equilibration.mdin	01_md_simulation_inputs/C5apep/amber_mdin/3_equilibration.mdin	.mdin	2446	18506a8929d49890b782b208a347ca4b0046cb2de41273c9c6ae8de2dd76ed1a	18506a8929d49890b782b208a347ca4b0046cb2de41273c9c6ae8de2dd76ed1a	Amber MD input parameter file.
md_inputs/C5apep	gpcr/c5apep/4_equilibration.mdin	01_md_simulation_inputs/C5apep/amber_mdin/4_equilibration.mdin	.mdin	2446	a666ca4c26ca6223a6b9e9cc50ce503f03005e24a6451ced31ec09d5031d4f32	a666ca4c26ca6223a6b9e9cc50ce503f03005e24a6451ced31ec09d5031d4f32	Amber MD input parameter file.
md_inputs/C5apep	gpcr/c5apep/5_equilibration.mdin	01_md_simulation_inputs/C5apep/amber_mdin/5_equilibration.mdin	.mdin	2446	b788371c38cf9ee9a0464ec0d23c591328ab3d052c128db9184c9e6ef20597f4	b788371c38cf9ee9a0464ec0d23c591328ab3d052c128db9184c9e6ef20597f4	Amber MD input parameter file.
md_inputs/C5apep	gpcr/c5apep/6_equilibration.mdin	01_md_simulation_inputs/C5apep/amber_mdin/6_equilibration.mdin	.mdin	2250	79a6899a20ffd0ec4fa78584fce2797c7139bcee566269640c46f45f03e09262	79a6899a20ffd0ec4fa78584fce2797c7139bcee566269640c46f45f03e09262	Amber MD input parameter file.
md_inputs/C5apep	gpcr/c5apep/7_production.mdin	01_md_simulation_inputs/C5apep/amber_mdin/7_production.mdin	.mdin	2076	338ebb60390045b193b408c837c25116dbf5004535cecd8428a2ea3530238fd2	338ebb60390045b193b408c837c25116dbf5004535cecd8428a2ea3530238fd2	Amber MD input parameter file.
md_inputs/C5apep	gpcr/c5apep/3090.sh	01_md_simulation_inputs/C5apep/run_scripts/3090.sh	.sh	773	5f72d46046d8e46c7a343a787443b64b3db1d765f385229b273e20a11ba1cf4c	5f72d46046d8e46c7a343a787443b64b3db1d765f385229b273e20a11ba1cf4c	Run or analysis helper script.
md_inputs/C5apep	gpcr/c5apep/DRY_PIF.sh	01_md_simulation_inputs/C5apep/run_scripts/DRY_PIF.sh	.sh	94	66490594ba771eb89c8d29f20506a4737b264b1ab2120397cc78a43225e7a4a7	66490594ba771eb89c8d29f20506a4737b264b1ab2120397cc78a43225e7a4a7	Run or analysis helper script.
md_inputs/C5apep	gpcr/c5apep/rest.sh	01_md_simulation_inputs/C5apep/run_scripts/rest.sh	.sh	176	df87953ffb8564cdec523c19f0dda4d5cdce8834507b527060e300870ffa0f76	df87953ffb8564cdec523c19f0dda4d5cdce8834507b527060e300870ffa0f76	Run or analysis helper script.
md_inputs/C5apep	gpcr/c5apep/second/3090.sh	01_md_simulation_inputs/C5apep/run_scripts/second/3090.sh	.sh	794	4f72b699b009470e7616e9ff31ed58c16d98b1c34a0b0ab7aee031f911e09805	4f72b699b009470e7616e9ff31ed58c16d98b1c34a0b0ab7aee031f911e09805	Run or analysis helper script.
md_inputs/C5apep	gpcr/c5apep/second/c5apep_second_2.sh	01_md_simulation_inputs/C5apep/run_scripts/second/c5apep_second_2.sh	.sh	795	490d84a27d9ffa41d9e591f96447b5f275668bd2580841f2ca3fe0196498f531	490d84a27d9ffa41d9e591f96447b5f275668bd2580841f2ca3fe0196498f531	Run or analysis helper script.
md_inputs/C5apep	gpcr/c5apep/second/c5apep_second_3.sh	01_md_simulation_inputs/C5apep/run_scripts/second/c5apep_second_3.sh	.sh	814	ebed0e7c3f106c750467202af73ea84d38c0e540501e5b69df0a9eeddd705e7d	ebed0e7c3f106c750467202af73ea84d38c0e540501e5b69df0a9eeddd705e7d	Run or analysis helper script.
md_inputs/C5apep	gpcr/c5apep/second/c5apep_second_4.sh	01_md_simulation_inputs/C5apep/run_scripts/second/c5apep_second_4.sh	.sh	814	5bf31cce1662b0b29c1fb4d3aa6a5bc58d96dd711e24c2f4529f6d3b6328a1a4	5bf31cce1662b0b29c1fb4d3aa6a5bc58d96dd711e24c2f4529f6d3b6328a1a4	Run or analysis helper script.
md_inputs/C5apep	gpcr/c5apep/third/3090.sh	01_md_simulation_inputs/C5apep/run_scripts/third/3090.sh	.sh	819	ace4350c5ea9ebd4fd3a3432f26e847ac48767aad022851367a6e63446bd4584	ace4350c5ea9ebd4fd3a3432f26e847ac48767aad022851367a6e63446bd4584	Run or analysis helper script.
md_inputs/C5apep	gpcr/c5apep/waternet_pep/run_pocket_BM.sh	01_md_simulation_inputs/C5apep/run_scripts/waternet_pep/run_pocket_BM.sh	.sh	758	10fbbcdedc96fa49323b36ec1c02e6b7f135e4725bc440a873f883f7ee4329f4	6c41626f6e0494da6c39301ae945819fd28e9a3c444cfe63904e3f38ede0aa4d	Run or analysis helper script. CJK characters removed from package copy.
md_inputs/C5apep	gpcr/c5apep/waternet_pep/run_waternet.sh	01_md_simulation_inputs/C5apep/run_scripts/waternet_pep/run_waternet.sh	.sh	809	c0fc8ee8ea835691950d53695683dfa7a1500ca3db8cb5c8f3c653c2bfd7fafe	aabd0e4cb816c8832533294ac8567e5e373c774aa23b271d82c8ecd7c3802402	Run or analysis helper script. CJK characters removed from package copy.
md_inputs/C5apep	gpcr/c5apep/TM7hb/distance.in	01_md_simulation_inputs/C5apep/analysis_inputs/TM7hb/distance.in	.in	605	67888ef1968e00bcb925dd802ba91f5a9fb95bebe58dd7c4a521378a81b31f20	920b7bee88200332fa17f3b6b5f7708c2fe53ef0fa4df500b64dcb3368bd623e	Analysis input file, mostly cpptraj/distance/BSA/DSSP control files. CJK characters removed from package copy.
md_inputs/C5apep	gpcr/c5apep/cpptraj.in	01_md_simulation_inputs/C5apep/analysis_inputs/cpptraj.in	.in	3631	55f73fe00a9ce83479a1f3f14801a05625e5d80437a01f0ffe888d7422a3acd2	eb1e3cbefed830ec184e4758ffa555b658a9401b3a52bf51a459d3f8878a22a5	Analysis input file, mostly cpptraj/distance/BSA/DSSP control files. CJK characters removed from package copy.
md_inputs/C5apep	gpcr/c5apep/cpptraj2.in	01_md_simulation_inputs/C5apep/analysis_inputs/cpptraj2.in	.in	3464	792f49e365ace177b1b9498374013df963f2c67629c777c0b2d4923a7f3cb99a	80e15f6225612732d3ac8c6f7432c9ec66e025f83aad9158dfdae637de59aea6	Analysis input file, mostly cpptraj/distance/BSA/DSSP control files. CJK characters removed from package copy.
md_inputs/C5apep	gpcr/c5apep/hbond/cpptraj.in	01_md_simulation_inputs/C5apep/analysis_inputs/hbond/cpptraj.in	.in	1211	72be8b0e1da81a2686426f4f1d39c3096e641a73db504c5e92efa56478f2dbc2	267a3655f4f4f1dea6130655e8a35fec8afaf6e6b42ad8151f78e3ee39ec2c93	Analysis input file, mostly cpptraj/distance/BSA/DSSP control files. CJK characters removed from package copy.
md_inputs/C5apep	gpcr/c5apep/mdpath/cpptraj.in	01_md_simulation_inputs/C5apep/analysis_inputs/mdpath/cpptraj.in	.in	324	1b9f250d595735ec71ba671b78bf8a00c65414296bd15239d40807bd20368152	6c5d1d9abf915f727efb77a79bc682758046cce1e31d6a4e4bd3c5df47eab2be	Analysis input file, mostly cpptraj/distance/BSA/DSSP control files. CJK characters removed from package copy.
md_inputs/C5apep	gpcr/c5apep/second/TM7hb/distance.in	01_md_simulation_inputs/C5apep/analysis_inputs/second/TM7hb/distance.in	.in	658	0a2c2e698225db576654da4ffd9c28a6f92e29b81185c963cc1426cf9b57ec68	3029d769654855637e8d059933156e025a4cb3f9e06b5f37c632eebbbaefd17f	Analysis input file, mostly cpptraj/distance/BSA/DSSP control files. CJK characters removed from package copy.
md_inputs/C5apep	gpcr/c5apep/second/cpptraj.in	01_md_simulation_inputs/C5apep/analysis_inputs/second/cpptraj.in	.in	3864	5255a8a742f6e727c71eb392d774be5c6b744d4676666122e9651bfba4c6598e	1d034f236068b7791d396a980c3a33dd0b294d2ac03c0fa6f6e988e2d089a279	Analysis input file, mostly cpptraj/distance/BSA/DSSP control files. CJK characters removed from package copy.
md_inputs/C5apep	gpcr/c5apep/third/BSA_IWI/bsa.in	01_md_simulation_inputs/C5apep/analysis_inputs/third/BSA_IWI/bsa.in	.in	554	4b052d284192dab6d777332bccac49f7f27378b768b6d119f752cc997601c8e2	80a2fac37ea3d93a471e7d8bd98e768072bf4c6d61f02d42cd0341d9fccaa1b8	Analysis input file, mostly cpptraj/distance/BSA/DSSP control files. CJK characters removed from package copy.
md_inputs/C5apep	gpcr/c5apep/third/TM7hb/cpptraj.in	01_md_simulation_inputs/C5apep/analysis_inputs/third/TM7hb/cpptraj.in	.in	2869	d7f104d00ffef00b20e1ba13aeaf33098aa11067faf9c7804233826fb1978f02	3c5a1267c6b463a8c0a692fe065d0c2fad11da267ea81f0ee4e9af94a3b71d15	Analysis input file, mostly cpptraj/distance/BSA/DSSP control files. CJK characters removed from package copy.
md_inputs/C5apep	gpcr/c5apep/third/TM7hb/distance.in	01_md_simulation_inputs/C5apep/analysis_inputs/third/TM7hb/distance.in	.in	629	a91310b275e00eb4718ce12ef4beb87e2463b79dcc12928e3144198733c3fa35	400878ffea97ab6a0eba3a42c77bee0e6b067340e8ee668b04989e91db9de045	Analysis input file, mostly cpptraj/distance/BSA/DSSP control files. CJK characters removed from package copy.
md_inputs/C5apep	gpcr/c5apep/third/cpptraj.in	01_md_simulation_inputs/C5apep/analysis_inputs/third/cpptraj.in	.in	4552	0a796bac213c742340ef94940185c6528ee86488845d11dd26d7b29d9c1d3f37	2e29eeedf2554a0ed9ab08b0d1f21308e9343d94e0a1d079ad2b0551f67d1c96	Analysis input file, mostly cpptraj/distance/BSA/DSSP control files. CJK characters removed from package copy.
md_inputs/C5apep	gpcr/c5apep/step5_input.pdb	01_md_simulation_inputs/C5apep/system_files/step5_input.pdb	.pdb	7304044	14ccff0f4c7a4c0c551c9f31bfa076095790d3f7dd4aa235229f878630a23f9b	14ccff0f4c7a4c0c551c9f31bfa076095790d3f7dd4aa235229f878630a23f9b	System topology/coordinate/provenance file.
md_inputs/C5apep	gpcr/c5apep/input.psf	01_md_simulation_inputs/C5apep/system_files/input.psf	.psf	17122815	88bbd4f94cab3a45dc6a149e9eacbcd9257f0e8a5cab26f6b9a91ff7f9a99871	88bbd4f94cab3a45dc6a149e9eacbcd9257f0e8a5cab26f6b9a91ff7f9a99871	System topology/coordinate/provenance file.
md_inputs/C5apep	gpcr/c5apep/input.parm7	01_md_simulation_inputs/C5apep/system_files/input.parm7	.parm7	21881318	4b210586b268600bd73d122e023c395eaaef01577b735041bc835e6fc5f9418d	4b210586b268600bd73d122e023c395eaaef01577b735041bc835e6fc5f9418d	System topology/coordinate/provenance file.
md_inputs/C5apep	gpcr/c5apep/input.rst7	01_md_simulation_inputs/C5apep/system_files/input.rst7	.rst7	3374723	ade1e4e84a4121932834a4f849d9486a551cb22953dd02e84ad1bd25babf2e83	ade1e4e84a4121932834a4f849d9486a551cb22953dd02e84ad1bd25babf2e83	System topology/coordinate/provenance file.
md_inputs/C5apep	gpcr/c5apep/sysinfo.dat	01_md_simulation_inputs/C5apep/system_files/sysinfo.dat	.dat	76	bf84826f063a36fb8b870e0339059b1c8883d42cf642c06b7834a70a1fb60747	bf84826f063a36fb8b870e0339059b1c8883d42cf642c06b7834a70a1fb60747	System topology/coordinate/provenance file.
md_inputs/C5apep	gpcr/c5apep/md-initial.pdb	01_md_simulation_inputs/C5apep/system_files/md-initial.pdb	.pdb	385046	6b0436a3a00c3540a7792b48832db5e695b4ea1854f54e1907d9645396063d83	6b0436a3a00c3540a7792b48832db5e695b4ea1854f54e1907d9645396063d83	System topology/coordinate/provenance file.
md_inputs/C5apep	gpcr/c5apep/md-initial_WAT.pdb	01_md_simulation_inputs/C5apep/system_files/md-initial_WAT.pdb	.pdb	5875506	e66ac639c32312fbd603cfea22e666eda705d1e408c5c667eec55000877b1615	e66ac639c32312fbd603cfea22e666eda705d1e408c5c667eec55000877b1615	System topology/coordinate/provenance file.
md_inputs/C5apep	gpcr/c5apep/step6.0.rest	01_md_simulation_inputs/C5apep/restraints/step6.0.rest	.rest	48288	d90e333609eb4e8d3aa77382a111523cb64f07e84f89f37707bfc769a3f1f4a8	d90e333609eb4e8d3aa77382a111523cb64f07e84f89f37707bfc769a3f1f4a8	CHARMM-GUI restraint file retained as setup provenance.
md_inputs/C5apep	gpcr/c5apep/step6.1.rest	01_md_simulation_inputs/C5apep/restraints/step6.1.rest	.rest	47488	558ece92998cf2fb8ee36caf1a4a9a0147abc35be29cc657728af443ec282833	558ece92998cf2fb8ee36caf1a4a9a0147abc35be29cc657728af443ec282833	CHARMM-GUI restraint file retained as setup provenance.
md_inputs/C5apep	gpcr/c5apep/step6.2.rest	01_md_simulation_inputs/C5apep/restraints/step6.2.rest	.rest	47488	558ece92998cf2fb8ee36caf1a4a9a0147abc35be29cc657728af443ec282833	558ece92998cf2fb8ee36caf1a4a9a0147abc35be29cc657728af443ec282833	CHARMM-GUI restraint file retained as setup provenance.
md_inputs/C5apep	gpcr/c5apep/step6.3.rest	01_md_simulation_inputs/C5apep/restraints/step6.3.rest	.rest	47488	60b46f0351f746493e50af6f59cbfd727a4cde53f959a850c31b58ecea046deb	60b46f0351f746493e50af6f59cbfd727a4cde53f959a850c31b58ecea046deb	CHARMM-GUI restraint file retained as setup provenance.
md_inputs/C5apep	gpcr/c5apep/step6.4.rest	01_md_simulation_inputs/C5apep/restraints/step6.4.rest	.rest	47488	eb744731d1030bf4ee3241a2b20f5010b037170b8b0e91dd1b6b38ef65702a84	eb744731d1030bf4ee3241a2b20f5010b037170b8b0e91dd1b6b38ef65702a84	CHARMM-GUI restraint file retained as setup provenance.
md_inputs/C5apep	gpcr/c5apep/step6.5.rest	01_md_simulation_inputs/C5apep/restraints/step6.5.rest	.rest	46688	a409f929e002def9c5280915224b8e87e6caebe97e8571500628277631c08bef	a409f929e002def9c5280915224b8e87e6caebe97e8571500628277631c08bef	CHARMM-GUI restraint file retained as setup provenance.
02_basic_qc_pocket_microswitch	article/figure/scripts/collect_data.py	02_basic_qc_pocket_microswitch/collect_data.py	.py	11924	2510a36734ea148e6e2310d5c1565cdcb811c96c6dc75b1ccdf7af45dc1c550c	2510a36734ea148e6e2310d5c1565cdcb811c96c6dc75b1ccdf7af45dc1c550c	
02_basic_qc_pocket_microswitch	article/figure/scripts/figure_utils.py	02_basic_qc_pocket_microswitch/figure_utils.py	.py	17956	3f4c263b09a42361675cb73dcc051e3306facb25679056b85b28dbddac8b8af6	3f4c263b09a42361675cb73dcc051e3306facb25679056b85b28dbddac8b8af6	
02_basic_qc_pocket_microswitch	article/figure/scripts/plot_basic_functional_figures.py	02_basic_qc_pocket_microswitch/plot_basic_functional_figures.py	.py	25573	ccde0116e4d871a85f540719f458696522e224675d856795e74c88dc0d9d379c	ccde0116e4d871a85f540719f458696522e224675d856795e74c88dc0d9d379c	
02_basic_qc_pocket_microswitch	article/figure/scripts/plot_c5ar_rmsf_regions.py	02_basic_qc_pocket_microswitch/plot_c5ar_rmsf_regions.py	.py	3640	b5a0c6ff646159942ea1f5203bc53c58408e7fc1bceff5b121979a6887e0a2b6	b5a0c6ff646159942ea1f5203bc53c58408e7fc1bceff5b121979a6887e0a2b6	
02_basic_qc_pocket_microswitch	article/figure/scripts/plot_fig1_overview.py	02_basic_qc_pocket_microswitch/plot_fig1_overview.py	.py	4327	4eff8a7bb7ea82721c984e82df135c755e5b01ee5d5421d1f7bc6e168e32ad41	4eff8a7bb7ea82721c984e82df135c755e5b01ee5d5421d1f7bc6e168e32ad41	
02_basic_qc_pocket_microswitch	article/figure/scripts/plot_fig2_pocket_contacts.py	02_basic_qc_pocket_microswitch/plot_fig2_pocket_contacts.py	.py	5907	16cb4aca4a60a00015185458f8da008b2a6ca78a605b7c550430a8e03498e634	16cb4aca4a60a00015185458f8da008b2a6ca78a605b7c550430a8e03498e634	
02_basic_qc_pocket_microswitch	article/figure/scripts/plot_fig3_microswitch.py	02_basic_qc_pocket_microswitch/plot_fig3_microswitch.py	.py	6323	91153c03e70e1054875e08b8aad09b503efdc549ac3c000fb1f5b2184e940513	91153c03e70e1054875e08b8aad09b503efdc549ac3c000fb1f5b2184e940513	
02_basic_qc_pocket_microswitch	article/figure/scripts/plot_fig4_fes_projection.py	02_basic_qc_pocket_microswitch/plot_fig4_fes_projection.py	.py	3113	ad1050cff9705d77959a786d6069636e86d8b4b0cd9df504b1796a67dda57c77	ad1050cff9705d77959a786d6069636e86d8b4b0cd9df504b1796a67dda57c77	
02_basic_qc_pocket_microswitch	article/figure/scripts/plot_fig5_mdpath_network.py	02_basic_qc_pocket_microswitch/plot_fig5_mdpath_network.py	.py	2945	be44f4be4f756dfdff23ea866ac1c0af35c31cabb0d2708fc9ff3d5863c043d4	be44f4be4f756dfdff23ea866ac1c0af35c31cabb0d2708fc9ff3d5863c043d4	
02_basic_qc_pocket_microswitch	article/figure/scripts/plot_figS1_qc.py	02_basic_qc_pocket_microswitch/plot_figS1_qc.py	.py	3251	54ec8210c28b94cbf8ebc6cf56ea35a47c8279a8d34537a16d4e8f57b5f657c1	54ec8210c28b94cbf8ebc6cf56ea35a47c8279a8d34537a16d4e8f57b5f657c1	
02_basic_qc_pocket_microswitch	article/figure/scripts/plot_figS2_hbond_timeseries.py	02_basic_qc_pocket_microswitch/plot_figS2_hbond_timeseries.py	.py	1536	04958cae5f46a7ca5913ba1b880897a4ae89349f1a7081dfaaf02c4ec4cd1295	04958cae5f46a7ca5913ba1b880897a4ae89349f1a7081dfaaf02c4ec4cd1295	
02_basic_qc_pocket_microswitch	article/figure/scripts/plot_figS3_microswitch_replicates.py	02_basic_qc_pocket_microswitch/plot_figS3_microswitch_replicates.py	.py	2463	cf52b3f350e30d8821e910b79f2f95df1d96651c236164c9f82cc72b508d9bc7	cf52b3f350e30d8821e910b79f2f95df1d96651c236164c9f82cc72b508d9bc7	
02_basic_qc_pocket_microswitch	article/figure/scripts/plot_figS4_fes_basin_definition.py	02_basic_qc_pocket_microswitch/plot_figS4_fes_basin_definition.py	.py	2762	f75580437ef9154a44597aa6283fe3ecdf4105b5479bdece7794e901f44c8648	f75580437ef9154a44597aa6283fe3ecdf4105b5479bdece7794e901f44c8648	
02_basic_qc_pocket_microswitch	article/figure/scripts/plot_figS5_mdpath_diagnostics.py	02_basic_qc_pocket_microswitch/plot_figS5_mdpath_diagnostics.py	.py	2302	9d7db88748065f98a019c7efd0bf611716614c3377699478df25d8de3cf29935	9d7db88748065f98a019c7efd0bf611716614c3377699478df25d8de3cf29935	
02_basic_qc_pocket_microswitch	article/figure/scripts/run_all.py	02_basic_qc_pocket_microswitch/run_all.py	.py	1504	17415d878158d28a4b09d53987c84ea006c8a8a045318c78ee34fbc95e921695	17415d878158d28a4b09d53987c84ea006c8a8a045318c78ee34fbc95e921695	
03_alloviz_networks	article/analysis/alloviz/scripts/alloviz_run_serial.py	03_alloviz_networks/alloviz_run_serial.py	.py	11037	198171de22437da020f9f353eeb79598e10954f982a152274d01f12a1354662a	198171de22437da020f9f353eeb79598e10954f982a152274d01f12a1354662a	
03_alloviz_networks	article/analysis/alloviz/scripts/generate_activation_route_views.py	03_alloviz_networks/generate_activation_route_views.py	.py	34690	3df2c6e2c3cc9fc98fd9cc8f7cca5be6b0b64cb4aa3e77a2c7cc4d5ad56798f1	3df2c6e2c3cc9fc98fd9cc8f7cca5be6b0b64cb4aa3e77a2c7cc4d5ad56798f1	
03_alloviz_networks	article/analysis/alloviz/scripts/generate_getcontacts_network_pngs.py	03_alloviz_networks/generate_getcontacts_network_pngs.py	.py	5086	ad3e47f7e6aa20b52e948d41e04d8eb92fdaea5191aa2e0bb3bdf34a0c87ef42	79d718bd52cfe14623a4a463a94fbf1d4d71a390c0c735e0bf54c1b35e807308	CJK characters removed from package copy.
03_alloviz_networks	article/analysis/alloviz/scripts/generate_official_nglview_outputs.py	03_alloviz_networks/generate_official_nglview_outputs.py	.py	5305	98b3c69fff3dc34955da5c42a132852577ba57e7d9dd166af1a0e8ed09fbfcb3	98b3c69fff3dc34955da5c42a132852577ba57e7d9dd166af1a0e8ed09fbfcb3	
03_alloviz_networks	article/analysis/alloviz/scripts/generate_official_views.py	03_alloviz_networks/generate_official_views.py	.py	9048	3c57c25db79c2ea5fba1da641be30eab304565e63f380705263f9cc694332b8e	3c57c25db79c2ea5fba1da641be30eab304565e63f380705263f9cc694332b8e	
03_alloviz_networks	article/analysis/alloviz/scripts/generate_pymol_visualizations.py	03_alloviz_networks/generate_pymol_visualizations.py	.py	9684	4200ddc1733032ea4dc367a850020f4b6390816997c54ce4871812711f66fd32	11db466b1ed1bb9d76ef66db64c6087a1243ad6df9516d617ecfb61409cd621b	CJK characters removed from package copy.
03_alloviz_networks	article/analysis/alloviz/scripts/generate_standalone_3dmol_html.py	03_alloviz_networks/generate_standalone_3dmol_html.py	.py	9329	13ab7ee54ef2e48931f9f8bf960dd4a07d547bc1ba023b3c96a0adc867d5cd18	7ddf6837a21a5677c23d66cb7cd72b58214ec778be89b92b17ca428fb30ca3f6	CJK characters removed from package copy.
03_alloviz_networks	article/analysis/alloviz/scripts/networkx_key_routes.py	03_alloviz_networks/networkx_key_routes.py	.py	35291	6dd0450d3f1ab8c8c96413f1d239dcb8c61976c0356449871c5329e6b14fa4c7	a627d1904afe25531e1b0fe5515e171b51b4047ff41897a192200b30b756a7fa	CJK characters removed from package copy.
03_alloviz_networks	article/analysis/alloviz/scripts/postprocess_alloviz_results.py	03_alloviz_networks/postprocess_alloviz_results.py	.py	34969	338e996b0ebcd97c11675a282904bd93964fbb1c555af44bf083abe57ead7ed0	338e996b0ebcd97c11675a282904bd93964fbb1c555af44bf083abe57ead7ed0	
03_alloviz_networks	article/analysis/alloviz/scripts/prepare_downsampled_inputs.py	03_alloviz_networks/prepare_downsampled_inputs.py	.py	3471	d20d91f2880f6c0f9fd525bfe1c9ddc4c224142e29d86b9bbc63e55a0dd75176	d20d91f2880f6c0f9fd525bfe1c9ddc4c224142e29d86b9bbc63e55a0dd75176	
03_alloviz_networks	article/analysis/alloviz/scripts/run_alloviz_methods.py	03_alloviz_networks/run_alloviz_methods.py	.py	13838	e3239d13d76eccf6c1fab7fe0d8ab3ce89b36bf45c2db6b6fd295ab7a947c79a	e3239d13d76eccf6c1fab7fe0d8ab3ce89b36bf45c2db6b6fd295ab7a947c79a	
04_sommd_state_analysis	article/analysis/sommd/scripts/analyze_beta_gpr1_c5ar_interface.py	04_sommd_state_analysis/analyze_beta_gpr1_c5ar_interface.py	.py	33692	0037cc502f524b8f2d21d9d20ae20f8496271b28ed91e2b9d3834892549be314	205e21c421ae2ac475915e2419bf7c24593265aeb46f7c363b1677aa6bbdd388	CJK characters removed from package copy.
04_sommd_state_analysis	article/analysis/sommd/scripts/compute_loop_helix_by_neuron.py	04_sommd_state_analysis/compute_loop_helix_by_neuron.py	.py	7189	67a2de687e9bfa4a5f80dbd272094e6e8afe2c7fdc0b2eb11ab6144a20da206f	67a2de687e9bfa4a5f80dbd272094e6e8afe2c7fdc0b2eb11ab6144a20da206f	
04_sommd_state_analysis	article/analysis/sommd/scripts/curate_cluster_c5ar_representatives.py	04_sommd_state_analysis/curate_cluster_c5ar_representatives.py	.py	12144	26322d6706726fb764734e21f83658034b35b546eaa1c017fcc5a13bc830a1b4	26322d6706726fb764734e21f83658034b35b546eaa1c017fcc5a13bc830a1b4	
04_sommd_state_analysis	article/analysis/sommd/scripts/export_neuron_representatives.py	04_sommd_state_analysis/export_neuron_representatives.py	.py	5324	65abca3e8a91bc9b2dacae4d02e24463fdd88ff4f7a3b21b799a43fb700611cb	65abca3e8a91bc9b2dacae4d02e24463fdd88ff4f7a3b21b799a43fb700611cb	
04_sommd_state_analysis	article/analysis/sommd/scripts/prepare_activation_core_features.py	04_sommd_state_analysis/prepare_activation_core_features.py	.py	10672	31014475ef552f7017e391f51682d92b2dfdb86986a14f44e4ed4176986ab876	31014475ef552f7017e391f51682d92b2dfdb86986a14f44e4ed4176986ab876	
04_sommd_state_analysis	article/analysis/sommd/scripts/run_activation_core_workflow.py	04_sommd_state_analysis/run_activation_core_workflow.py	.py	4207	4ed769431972ff1c74dff391d602c400c2976a980287c47e7690c779dd265717	4ed769431972ff1c74dff391d602c400c2976a980287c47e7690c779dd265717	
04_sommd_state_analysis	article/analysis/sommd/scripts/summarize_activation_core_results.py	04_sommd_state_analysis/summarize_activation_core_results.py	.py	25413	1859dc94554384364cca39cdd19742b095dd69cf63b3e8f0a06d1bcc161dd556	1859dc94554384364cca39cdd19742b095dd69cf63b3e8f0a06d1bcc161dd556	
04_sommd_state_analysis	article/analysis/sommd/scripts/unify_neuron_representative_sequences.py	04_sommd_state_analysis/unify_neuron_representative_sequences.py	.py	4990	1c8215c62716cf17c1a01b11806dc02091900159fb2bcf6ee4ed913f2a29fef5	1c8215c62716cf17c1a01b11806dc02091900159fb2bcf6ee4ed913f2a29fef5	
04_sommd_state_analysis	article/analysis/sommd/scripts/plot_formal_som_population_figures.R	04_sommd_state_analysis/plot_formal_som_population_figures.R	.r	9235	5b8acb3ddab86a402ebe9d73a11fa780dc6f0e0263ef4af45db54645221bec3d	5b8acb3ddab86a402ebe9d73a11fa780dc6f0e0263ef4af45db54645221bec3d	
04_sommd_state_analysis	article/analysis/sommd/scripts/plot_loop_helix_som.R	04_sommd_state_analysis/plot_loop_helix_som.R	.r	3613	ca644060ac38858a19aedd440a5572b6a6d327283ac5deeca9af82e31a4aff3a	ca644060ac38858a19aedd440a5572b6a6d327283ac5deeca9af82e31a4aff3a	
04_sommd_state_analysis	article/analysis/sommd/scripts/plot_official_transition_network.R	04_sommd_state_analysis/plot_official_transition_network.R	.r	5732	fa94508cc477177c9aed189ef61e088011aa95830eb44f38205676e991d8bb92	fa94508cc477177c9aed189ef61e088011aa95830eb44f38205676e991d8bb92	
04_sommd_state_analysis	article/analysis/sommd/scripts/run_activation_core_som.R	04_sommd_state_analysis/run_activation_core_som.R	.r	8475	57f25cd2cdffd5f5a47c29e6730a95373f6762031ef1870be9cc27cf94aef9e1	57f25cd2cdffd5f5a47c29e6730a95373f6762031ef1870be9cc27cf94aef9e1	
04_sommd_state_analysis	article/analysis/sommd/scripts/select_neuron_representatives.R	04_sommd_state_analysis/select_neuron_representatives.R	.r	5627	474ede37489e5c259f9c682bafc16b8b970bdac6ed85a8146f9fedf51f3da4c9	474ede37489e5c259f9c682bafc16b8b970bdac6ed85a8146f9fedf51f3da4c9	
05_sommd_transition_changes	article/analysis/sommd/pymol/formal/change/analyze_bm213_c5apep_transition_changes.py	05_sommd_transition_changes/analyze_bm213_c5apep_transition_changes.py	.py	35528	838960fe04cb1cfe3a3fcbd6a99322c68796a6ea17cab3714e8755a62fe4308f	838960fe04cb1cfe3a3fcbd6a99322c68796a6ea17cab3714e8755a62fe4308f	
05_sommd_transition_changes	article/analysis/sommd/pymol/formal/change/generate_transition_route_display_pml.py	05_sommd_transition_changes/generate_transition_route_display_pml.py	.py	8734	e368198dcc0c61c72f710f242d3270eeb73d93f436e2dfa49a289b0ad8f756d4	e368198dcc0c61c72f710f242d3270eeb73d93f436e2dfa49a289b0ad8f756d4	
06_haddock_beta_arrestin	article/analysis/docking/haddock/scripts/calculate_beta_lrmsd_after_c5ar_alignment.py	06_haddock_beta_arrestin/calculate_beta_lrmsd_after_c5ar_alignment.py	.py	8584	c458a8cee9ddafe235d9737dd6a1dd66134efdcc663e343753125e04d4854a92	c458a8cee9ddafe235d9737dd6a1dd66134efdcc663e343753125e04d4854a92	
06_haddock_beta_arrestin	article/analysis/docking/haddock/scripts/run_haddock_cluster_screen.py	06_haddock_beta_arrestin/run_haddock_cluster_screen.py	.py	16051	0b9f060d5cf82bef713f579b9d4b124fe5dc4655beaf89af6f1fcb1214c6098f	0b9f060d5cf82bef713f579b9d4b124fe5dc4655beaf89af6f1fcb1214c6098f	
06_haddock_beta_arrestin	article/analysis/docking/haddock/scripts/score_haddock_clusters.py	06_haddock_beta_arrestin/score_haddock_clusters.py	.py	25263	c86a2795e1dfa134d96989fdc6aa9190a48fcc5e83e8b17bd53abe5e35879908	c86a2795e1dfa134d96989fdc6aa9190a48fcc5e83e8b17bd53abe5e35879908	
06_haddock_beta_arrestin	article/analysis/docking/haddock/scripts/plot_haddock_beta_arrestin_compatibility.R	06_haddock_beta_arrestin/plot_haddock_beta_arrestin_compatibility.R	.r	30807	77baabe530df46f8d948898d1818e72784ce510e3645d6bedefe1a5acbfac4a2	77baabe530df46f8d948898d1818e72784ce510e3645d6bedefe1a5acbfac4a2	
07_pymol_views/basic_pocket	article/structure/01_pocket_closeup/load_BM213_pocket_closeup.pml	07_pymol_views/basic_pocket/load_BM213_pocket_closeup.pml	.pml	2071	9f4dd58260e83eaea4ff8cb8caed6321cbee4ec1a6c660118215e9de2b8c98b3	9f4dd58260e83eaea4ff8cb8caed6321cbee4ec1a6c660118215e9de2b8c98b3	
07_pymol_views/basic_pocket	article/structure/01_pocket_closeup/load_C5apep_pocket_closeup.pml	07_pymol_views/basic_pocket/load_C5apep_pocket_closeup.pml	.pml	1895	22f921213ad41e2f61ba9de36ab388b871c0dd404440e8a78a8780035a2e3c5a	22f921213ad41e2f61ba9de36ab388b871c0dd404440e8a78a8780035a2e3c5a	
07_pymol_views/basic_pocket	article/structure/01_pocket_closeup/load_pocket_motif_spheres_BM213_C5apep.pml	07_pymol_views/basic_pocket/load_pocket_motif_spheres_BM213_C5apep.pml	.pml	2182	4a9eb5c5b007367174c8f7f7b51fb6c2a34bfc5fbbb1680100f11c9cf03adca3	4a9eb5c5b007367174c8f7f7b51fb6c2a34bfc5fbbb1680100f11c9cf03adca3	
07_pymol_views/basic_pocket	article/structure/01_pocket_closeup/load_pocket_overlay_BM213_C5apep.pml	07_pymol_views/basic_pocket/load_pocket_overlay_BM213_C5apep.pml	.pml	2092	765e91a1771959df17f3700fce23ee907598990fa05a991051f99caeaf313d47	765e91a1771959df17f3700fce23ee907598990fa05a991051f99caeaf313d47	
07_pymol_views/alloviz_networks	article/analysis/alloviz/figures/pymol/BM213_vs_C5apep_GetContacts_network.pml	07_pymol_views/alloviz_networks/BM213_vs_C5apep_GetContacts_network.pml	.pml	9336	e9d2fb759ed109005de742bae1ec97c0a045d4b6dfe20403e728bd55b46a84e3	e9d2fb759ed109005de742bae1ec97c0a045d4b6dfe20403e728bd55b46a84e3	
07_pymol_views/alloviz_networks	article/analysis/alloviz/figures/pymol/BM213_vs_apo_GetContacts_network.pml	07_pymol_views/alloviz_networks/BM213_vs_apo_GetContacts_network.pml	.pml	9038	26ef9db99f94e932cd2bf94380246b7df01d455dbcccf492c397e2447eed4050	26ef9db99f94e932cd2bf94380246b7df01d455dbcccf492c397e2447eed4050	
07_pymol_views/alloviz_networks	article/analysis/alloviz/figures/pymol/C5apep_vs_apo_GetContacts_network.pml	07_pymol_views/alloviz_networks/C5apep_vs_apo_GetContacts_network.pml	.pml	9035	334246b31b4c8b66f519a948f3e3ae08f7067d7f07179a6095dab9c89deff632	334246b31b4c8b66f519a948f3e3ae08f7067d7f07179a6095dab9c89deff632	
07_pymol_views/alloviz_networks	article/analysis/alloviz/figures/pymol/README.md	07_pymol_views/alloviz_networks/README.md	.md	887	ff86596f898d300e8d3c6fe62bd66aa2332fdb66c21deaec168f127445914880	2ea257c4b44e29f8e950cdb81710bdea8079370d8e3b759531a4c45fdd3f41c0	CJK characters removed from package copy.
07_pymol_views/alloviz_active_routes	article/analysis/alloviz/official_views/nglview/active/BM213_activation_route.pml	07_pymol_views/alloviz_active_routes/BM213_activation_route.pml	.pml	12518	c1c36342258897bab5fcf5ea1c69119cee9d0271d3bdcac8552ac4feee18f295	c1c36342258897bab5fcf5ea1c69119cee9d0271d3bdcac8552ac4feee18f295	
07_pymol_views/alloviz_active_routes	article/analysis/alloviz/official_views/nglview/active/C5apep_activation_route.pml	07_pymol_views/alloviz_active_routes/C5apep_activation_route.pml	.pml	11092	d13e820977fa4c74b37127b742a93d430edcfa7f871deeac990a420f5dec3a9b	d13e820977fa4c74b37127b742a93d430edcfa7f871deeac990a420f5dec3a9b	
07_pymol_views/alloviz_active_routes	article/analysis/alloviz/official_views/nglview/active/README.md	07_pymol_views/alloviz_active_routes/README.md	.md	1007	157a19d1452f631b8f47d785578930964fbdb25a00bb44d1f2ffc2486302fdbd	157a19d1452f631b8f47d785578930964fbdb25a00bb44d1f2ffc2486302fdbd	
07_pymol_views/sommd_formal	article/analysis/sommd/pymol/formal/formal_load_cluster_representatives.pml	07_pymol_views/sommd_formal/formal_load_cluster_representatives.pml	.pml	5816	fe747160aff5f1c051131471d5d7c8e15df094dd41d57948956cc27ce9e909b8	fe747160aff5f1c051131471d5d7c8e15df094dd41d57948956cc27ce9e909b8	
07_pymol_views/sommd_formal	article/analysis/sommd/pymol/formal/formal_load_neuron_representatives.pml	07_pymol_views/sommd_formal/formal_load_neuron_representatives.pml	.pml	41102	2dc9c4acf47cfb54ad4500364b9daa029904e9591d09f55e39a9f3ac909a0c5e	2dc9c4acf47cfb54ad4500364b9daa029904e9591d09f55e39a9f3ac909a0c5e	
07_pymol_views/sommd_formal	article/analysis/sommd/pymol/formal/beta_gpr1_c5ar_interface_constraints.md	07_pymol_views/sommd_formal/beta_gpr1_c5ar_interface_constraints.md	.md	9299	5fc26a8896f19e89bb8c401fd1b0ea835ce2e2bc0c7facf8b3554cc0fa92f704	4e426b27d1beab1052ff9d52f787ba730baccafe0d5109e4547bc21455d686e1	CJK characters removed from package copy.
07_pymol_views/sommd_transition_change	article/analysis/sommd/pymol/formal/change/BM213_activation_route_transition_display.pml	07_pymol_views/sommd_transition_change/BM213_activation_route_transition_display.pml	.pml	8960	11098d31453afa491e68c2a51e5da2b65627dd241432d8b1ddeeda9d62ceafaa	11098d31453afa491e68c2a51e5da2b65627dd241432d8b1ddeeda9d62ceafaa	
07_pymol_views/sommd_transition_change	article/analysis/sommd/pymol/formal/change/BM213_activation_transition_changes.pml	07_pymol_views/sommd_transition_change/BM213_activation_transition_changes.pml	.pml	3247	8fece3e9d9324ebab477ad49ce4d8d3966ed248f8a6a249e5453b3777f6863a1	8fece3e9d9324ebab477ad49ce4d8d3966ed248f8a6a249e5453b3777f6863a1	
07_pymol_views/sommd_transition_change	article/analysis/sommd/pymol/formal/change/C5apep_activation_route_transition_display.pml	07_pymol_views/sommd_transition_change/C5apep_activation_route_transition_display.pml	.pml	9987	14a366c7b501a0ef9f9a4083487e27a9231d26044833ae3038ee19f3e27120cd	14a366c7b501a0ef9f9a4083487e27a9231d26044833ae3038ee19f3e27120cd	
07_pymol_views/sommd_transition_change	article/analysis/sommd/pymol/formal/change/C5apep_activation_transition_changes.pml	07_pymol_views/sommd_transition_change/C5apep_activation_transition_changes.pml	.pml	3392	7546d2e9496e76361e2f4d1dce2b2d8e7cfecf14f8ecc6fde4654453a3f31961	7546d2e9496e76361e2f4d1dce2b2d8e7cfecf14f8ecc6fde4654453a3f31961	
07_pymol_views/sommd_transition_change	article/analysis/sommd/pymol/formal/change/transition_activation_change_summary.md	07_pymol_views/sommd_transition_change/transition_activation_change_summary.md	.md	10385	f8644d8ca4e4838d23b6ad1af8a10f508baf2aeb56fb1b170de4b3782da77835	f8644d8ca4e4838d23b6ad1af8a10f508baf2aeb56fb1b170de4b3782da77835	
